"MoveNumber","Side","Move","FEN","GameNumber"
1,"white","d4","rnbqkbnrpppppppp883P48PPP1PPPPRNBQKBNR",1
1,"white","e4","rnbqkbnrpppppppp884P38PPPP1PPPRNBQKBNR",2
1,"white","d4","rnbqkbnrpppppppp883P48PPP1PPPPRNBQKBNR",3
1,"white","e4","rnbqkbnrpppppppp884P38PPPP1PPPRNBQKBNR",4
1,"white","d4","rnbqkbnrpppppppp883P48PPP1PPPPRNBQKBNR",5
1,"white","e4","rnbqkbnrpppppppp884P38PPPP1PPPRNBQKBNR",6
1,"white","d4","rnbqkbnrpppppppp883P48PPP1PPPPRNBQKBNR",7
1,"white","e4","rnbqkbnrpppppppp884P38PPPP1PPPRNBQKBNR",8
1,"white","d4","rnbqkbnrpppppppp883P48PPP1PPPPRNBQKBNR",9
1,"white","e4","rnbqkbnrpppppppp884P38PPPP1PPPRNBQKBNR",10
1,"white","e4","rnbqkbnrpppppppp884P38PPPP1PPPRNBQKBNR",11
1,"white","e4","rnbqkbnrpppppppp884P38PPPP1PPPRNBQKBNR",12
1,"white","d4","rnbqkbnrpppppppp883P48PPP1PPPPRNBQKBNR",13
1,"white","e4","rnbqkbnrpppppppp884P38PPPP1PPPRNBQKBNR",14
1,"white","d4","rnbqkbnrpppppppp883P48PPP1PPPPRNBQKBNR",15
1,"white","e4","rnbqkbnrpppppppp884P38PPPP1PPPRNBQKBNR",16
1,"white","d4","rnbqkbnrpppppppp883P48PPP1PPPPRNBQKBNR",17
1,"white","e4","rnbqkbnrpppppppp884P38PPPP1PPPRNBQKBNR",18
1,"white","d4","rnbqkbnrpppppppp883P48PPP1PPPPRNBQKBNR",19
1,"white","e4","rnbqkbnrpppppppp884P38PPPP1PPPRNBQKBNR",20
1,"white","e4","rnbqkbnrpppppppp884P38PPPP1PPPRNBQKBNR",21
1,"white","Nf3","rnbqkbnrpppppppp8885N2PPPPPPPPRNBQKB1R",22
1,"white","e4","rnbqkbnrpppppppp884P38PPPP1PPPRNBQKBNR",23
1,"white","Nf3","rnbqkbnrpppppppp8885N2PPPPPPPPRNBQKB1R",24
1,"white","e4","rnbqkbnrpppppppp884P38PPPP1PPPRNBQKBNR",25
1,"white","Nf3","rnbqkbnrpppppppp8885N2PPPPPPPPRNBQKB1R",26
1,"white","e4","rnbqkbnrpppppppp884P38PPPP1PPPRNBQKBNR",27
1,"white","Nf3","rnbqkbnrpppppppp8885N2PPPPPPPPRNBQKB1R",28
1,"white","e4","rnbqkbnrpppppppp884P38PPPP1PPPRNBQKBNR",29
1,"white","Nf3","rnbqkbnrpppppppp8885N2PPPPPPPPRNBQKB1R",30
1,"white","e4","rnbqkbnrpppppppp884P38PPPP1PPPRNBQKBNR",31
1,"white","Nf3","rnbqkbnrpppppppp8885N2PPPPPPPPRNBQKB1R",32
1,"white","e4","rnbqkbnrpppppppp884P38PPPP1PPPRNBQKBNR",33
1,"white","Nf3","rnbqkbnrpppppppp8885N2PPPPPPPPRNBQKB1R",34
1,"white","e4","rnbqkbnrpppppppp884P38PPPP1PPPRNBQKBNR",35
1,"white","Nf3","rnbqkbnrpppppppp8885N2PPPPPPPPRNBQKB1R",36
1,"white","e4","rnbqkbnrpppppppp884P38PPPP1PPPRNBQKBNR",37
1,"white","d4","rnbqkbnrpppppppp883P48PPP1PPPPRNBQKBNR",38
1,"white","e4","rnbqkbnrpppppppp884P38PPPP1PPPRNBQKBNR",39
1,"white","d4","rnbqkbnrpppppppp883P48PPP1PPPPRNBQKBNR",40
1,"white","e4","rnbqkbnrpppppppp884P38PPPP1PPPRNBQKBNR",41
1,"white","d4","rnbqkbnrpppppppp883P48PPP1PPPPRNBQKBNR",42
1,"white","d4","rnbqkbnrpppppppp883P48PPP1PPPPRNBQKBNR",43
1,"white","d4","rnbqkbnrpppppppp883P48PPP1PPPPRNBQKBNR",44
1,"white","e4","rnbqkbnrpppppppp884P38PPPP1PPPRNBQKBNR",45
1,"white","Nf3","rnbqkbnrpppppppp8885N2PPPPPPPPRNBQKB1R",46
1,"white","e4","rnbqkbnrpppppppp884P38PPPP1PPPRNBQKBNR",47
1,"white","Nf3","rnbqkbnrpppppppp8885N2PPPPPPPPRNBQKB1R",48
1,"white","e4","rnbqkbnrpppppppp884P38PPPP1PPPRNBQKBNR",49
1,"white","Nf3","rnbqkbnrpppppppp8885N2PPPPPPPPRNBQKB1R",50
1,"white","e4","rnbqkbnrpppppppp884P38PPPP1PPPRNBQKBNR",51
1,"white","Nf3","rnbqkbnrpppppppp8885N2PPPPPPPPRNBQKB1R",52
1,"white","e4","rnbqkbnrpppppppp884P38PPPP1PPPRNBQKBNR",53
1,"white","d4","rnbqkbnrpppppppp883P48PPP1PPPPRNBQKBNR",54
1,"white","e4","rnbqkbnrpppppppp884P38PPPP1PPPRNBQKBNR",55
1,"white","d4","rnbqkbnrpppppppp883P48PPP1PPPPRNBQKBNR",56
1,"white","e4","rnbqkbnrpppppppp884P38PPPP1PPPRNBQKBNR",57
1,"white","e4","rnbqkbnrpppppppp884P38PPPP1PPPRNBQKBNR",58
1,"white","e4","rnbqkbnrpppppppp884P38PPPP1PPPRNBQKBNR",59
1,"white","e4","rnbqkbnrpppppppp884P38PPPP1PPPRNBQKBNR",60
1,"white","e4","rnbqkbnrpppppppp884P38PPPP1PPPRNBQKBNR",61
1,"white","e4","rnbqkbnrpppppppp884P38PPPP1PPPRNBQKBNR",62
1,"white","e4","rnbqkbnrpppppppp884P38PPPP1PPPRNBQKBNR",63
1,"white","e4","rnbqkbnrpppppppp884P38PPPP1PPPRNBQKBNR",64
1,"white","e4","rnbqkbnrpppppppp884P38PPPP1PPPRNBQKBNR",65
1,"white","e4","rnbqkbnrpppppppp884P38PPPP1PPPRNBQKBNR",66
1,"white","e4","rnbqkbnrpppppppp884P38PPPP1PPPRNBQKBNR",67
1,"white","e4","rnbqkbnrpppppppp884P38PPPP1PPPRNBQKBNR",68
1,"white","e4","rnbqkbnrpppppppp884P38PPPP1PPPRNBQKBNR",69
1,"white","e4","rnbqkbnrpppppppp884P38PPPP1PPPRNBQKBNR",70
1,"white","e4","rnbqkbnrpppppppp884P38PPPP1PPPRNBQKBNR",71
1,"white","e4","rnbqkbnrpppppppp884P38PPPP1PPPRNBQKBNR",72
1,"white","e4","rnbqkbnrpppppppp884P38PPPP1PPPRNBQKBNR",73
1,"white","Nf3","rnbqkbnrpppppppp8885N2PPPPPPPPRNBQKB1R",74
1,"white","e4","rnbqkbnrpppppppp884P38PPPP1PPPRNBQKBNR",75
1,"white","Nf3","rnbqkbnrpppppppp8885N2PPPPPPPPRNBQKB1R",76
1,"white","e4","rnbqkbnrpppppppp884P38PPPP1PPPRNBQKBNR",77
1,"white","Nf3","rnbqkbnrpppppppp8885N2PPPPPPPPRNBQKB1R",78
1,"white","e4","rnbqkbnrpppppppp884P38PPPP1PPPRNBQKBNR",79
1,"white","e4","rnbqkbnrpppppppp884P38PPPP1PPPRNBQKBNR",80
1,"white","e4","rnbqkbnrpppppppp884P38PPPP1PPPRNBQKBNR",81
1,"white","e4","rnbqkbnrpppppppp884P38PPPP1PPPRNBQKBNR",82
1,"white","e4","rnbqkbnrpppppppp884P38PPPP1PPPRNBQKBNR",83
1,"white","e4","rnbqkbnrpppppppp884P38PPPP1PPPRNBQKBNR",84
1,"white","e4","rnbqkbnrpppppppp884P38PPPP1PPPRNBQKBNR",85
1,"white","e4","rnbqkbnrpppppppp884P38PPPP1PPPRNBQKBNR",86
1,"white","e4","rnbqkbnrpppppppp884P38PPPP1PPPRNBQKBNR",87
1,"white","e4","rnbqkbnrpppppppp884P38PPPP1PPPRNBQKBNR",88
1,"white","d4","rnbqkbnrpppppppp883P48PPP1PPPPRNBQKBNR",89
1,"white","d4","rnbqkbnrpppppppp883P48PPP1PPPPRNBQKBNR",90
1,"white","d4","rnbqkbnrpppppppp883P48PPP1PPPPRNBQKBNR",91
1,"white","e4","rnbqkbnrpppppppp884P38PPPP1PPPRNBQKBNR",92
1,"white","d4","rnbqkbnrpppppppp883P48PPP1PPPPRNBQKBNR",93
1,"white","d4","rnbqkbnrpppppppp883P48PPP1PPPPRNBQKBNR",94
1,"white","d4","rnbqkbnrpppppppp883P48PPP1PPPPRNBQKBNR",95
1,"white","e4","rnbqkbnrpppppppp884P38PPPP1PPPRNBQKBNR",96
1,"white","d4","rnbqkbnrpppppppp883P48PPP1PPPPRNBQKBNR",97
1,"white","d4","rnbqkbnrpppppppp883P48PPP1PPPPRNBQKBNR",98
1,"white","e4","rnbqkbnrpppppppp884P38PPPP1PPPRNBQKBNR",99
1,"white","e4","rnbqkbnrpppppppp884P38PPPP1PPPRNBQKBNR",100
1,"white","d4","rnbqkbnrpppppppp883P48PPP1PPPPRNBQKBNR",101
1,"white","e4","rnbqkbnrpppppppp884P38PPPP1PPPRNBQKBNR",102
1,"white","d4","rnbqkbnrpppppppp883P48PPP1PPPPRNBQKBNR",103
1,"white","e4","rnbqkbnrpppppppp884P38PPPP1PPPRNBQKBNR",104
1,"white","d4","rnbqkbnrpppppppp883P48PPP1PPPPRNBQKBNR",105
1,"white","e4","rnbqkbnrpppppppp884P38PPPP1PPPRNBQKBNR",106
1,"white","d4","rnbqkbnrpppppppp883P48PPP1PPPPRNBQKBNR",107
1,"white","e4","rnbqkbnrpppppppp884P38PPPP1PPPRNBQKBNR",108
1,"white","d4","rnbqkbnrpppppppp883P48PPP1PPPPRNBQKBNR",109
1,"white","e4","rnbqkbnrpppppppp884P38PPPP1PPPRNBQKBNR",110
1,"white","d4","rnbqkbnrpppppppp883P48PPP1PPPPRNBQKBNR",111
1,"white","e4","rnbqkbnrpppppppp884P38PPPP1PPPRNBQKBNR",112
1,"white","d4","rnbqkbnrpppppppp883P48PPP1PPPPRNBQKBNR",113
1,"white","e4","rnbqkbnrpppppppp884P38PPPP1PPPRNBQKBNR",114
1,"white","e4","rnbqkbnrpppppppp884P38PPPP1PPPRNBQKBNR",115
1,"white","e4","rnbqkbnrpppppppp884P38PPPP1PPPRNBQKBNR",116
1,"white","e4","rnbqkbnrpppppppp884P38PPPP1PPPRNBQKBNR",117
1,"white","e4","rnbqkbnrpppppppp884P38PPPP1PPPRNBQKBNR",118
1,"white","e4","rnbqkbnrpppppppp884P38PPPP1PPPRNBQKBNR",119
1,"white","e4","rnbqkbnrpppppppp884P38PPPP1PPPRNBQKBNR",120
1,"white","e4","rnbqkbnrpppppppp884P38PPPP1PPPRNBQKBNR",121
1,"white","e4","rnbqkbnrpppppppp884P38PPPP1PPPRNBQKBNR",122
1,"white","e4","rnbqkbnrpppppppp884P38PPPP1PPPRNBQKBNR",123
1,"white","e4","rnbqkbnrpppppppp884P38PPPP1PPPRNBQKBNR",124
1,"white","e4","rnbqkbnrpppppppp884P38PPPP1PPPRNBQKBNR",125
1,"white","d4","rnbqkbnrpppppppp883P48PPP1PPPPRNBQKBNR",126
1,"white","e4","rnbqkbnrpppppppp884P38PPPP1PPPRNBQKBNR",127
1,"white","d4","rnbqkbnrpppppppp883P48PPP1PPPPRNBQKBNR",128
1,"white","e4","rnbqkbnrpppppppp884P38PPPP1PPPRNBQKBNR",129
1,"white","e4","rnbqkbnrpppppppp884P38PPPP1PPPRNBQKBNR",130
1,"white","e4","rnbqkbnrpppppppp884P38PPPP1PPPRNBQKBNR",131
1,"white","e4","rnbqkbnrpppppppp884P38PPPP1PPPRNBQKBNR",132
1,"white","e4","rnbqkbnrpppppppp884P38PPPP1PPPRNBQKBNR",133
1,"white","e4","rnbqkbnrpppppppp884P38PPPP1PPPRNBQKBNR",134
1,"white","e4","rnbqkbnrpppppppp884P38PPPP1PPPRNBQKBNR",135
1,"white","e4","rnbqkbnrpppppppp884P38PPPP1PPPRNBQKBNR",136
1,"white","e4","rnbqkbnrpppppppp884P38PPPP1PPPRNBQKBNR",137
1,"white","e4","rnbqkbnrpppppppp884P38PPPP1PPPRNBQKBNR",138
1,"white","e4","rnbqkbnrpppppppp884P38PPPP1PPPRNBQKBNR",139
1,"white","d4","rnbqkbnrpppppppp883P48PPP1PPPPRNBQKBNR",140
1,"white","d4","rnbqkbnrpppppppp883P48PPP1PPPPRNBQKBNR",141
1,"white","d4","rnbqkbnrpppppppp883P48PPP1PPPPRNBQKBNR",142
1,"white","d4","rnbqkbnrpppppppp883P48PPP1PPPPRNBQKBNR",143
1,"white","d4","rnbqkbnrpppppppp883P48PPP1PPPPRNBQKBNR",144
1,"white","d4","rnbqkbnrpppppppp883P48PPP1PPPPRNBQKBNR",145
1,"white","d4","rnbqkbnrpppppppp883P48PPP1PPPPRNBQKBNR",146
1,"white","d4","rnbqkbnrpppppppp883P48PPP1PPPPRNBQKBNR",147
1,"white","e4","rnbqkbnrpppppppp884P38PPPP1PPPRNBQKBNR",148
1,"white","d4","rnbqkbnrpppppppp883P48PPP1PPPPRNBQKBNR",149
1,"white","e4","rnbqkbnrpppppppp884P38PPPP1PPPRNBQKBNR",150
1,"white","e4","rnbqkbnrpppppppp884P38PPPP1PPPRNBQKBNR",151
1,"white","e4","rnbqkbnrpppppppp884P38PPPP1PPPRNBQKBNR",152
1,"white","e4","rnbqkbnrpppppppp884P38PPPP1PPPRNBQKBNR",153
1,"white","e4","rnbqkbnrpppppppp884P38PPPP1PPPRNBQKBNR",154
1,"white","e4","rnbqkbnrpppppppp884P38PPPP1PPPRNBQKBNR",155
1,"white","e4","rnbqkbnrpppppppp884P38PPPP1PPPRNBQKBNR",156
1,"white","e4","rnbqkbnrpppppppp884P38PPPP1PPPRNBQKBNR",157
1,"white","e4","rnbqkbnrpppppppp884P38PPPP1PPPRNBQKBNR",158
1,"white","e4","rnbqkbnrpppppppp884P38PPPP1PPPRNBQKBNR",159
1,"white","d4","rnbqkbnrpppppppp883P48PPP1PPPPRNBQKBNR",160
1,"white","d4","rnbqkbnrpppppppp883P48PPP1PPPPRNBQKBNR",161
1,"white","d4","rnbqkbnrpppppppp883P48PPP1PPPPRNBQKBNR",162
1,"white","e4","rnbqkbnrpppppppp884P38PPPP1PPPRNBQKBNR",163
1,"white","d4","rnbqkbnrpppppppp883P48PPP1PPPPRNBQKBNR",164
1,"white","d4","rnbqkbnrpppppppp883P48PPP1PPPPRNBQKBNR",165
1,"white","e4","rnbqkbnrpppppppp884P38PPPP1PPPRNBQKBNR",166
1,"white","d4","rnbqkbnrpppppppp883P48PPP1PPPPRNBQKBNR",167
1,"white","d4","rnbqkbnrpppppppp883P48PPP1PPPPRNBQKBNR",168
1,"white","d4","rnbqkbnrpppppppp883P48PPP1PPPPRNBQKBNR",169
1,"white","d4","rnbqkbnrpppppppp883P48PPP1PPPPRNBQKBNR",170
1,"white","d4","rnbqkbnrpppppppp883P48PPP1PPPPRNBQKBNR",171
1,"white","e4","rnbqkbnrpppppppp884P38PPPP1PPPRNBQKBNR",172
1,"white","d4","rnbqkbnrpppppppp883P48PPP1PPPPRNBQKBNR",173
1,"white","e4","rnbqkbnrpppppppp884P38PPPP1PPPRNBQKBNR",174
1,"white","e4","rnbqkbnrpppppppp884P38PPPP1PPPRNBQKBNR",175
1,"white","d4","rnbqkbnrpppppppp883P48PPP1PPPPRNBQKBNR",176
1,"white","d4","rnbqkbnrpppppppp883P48PPP1PPPPRNBQKBNR",177
1,"white","d4","rnbqkbnrpppppppp883P48PPP1PPPPRNBQKBNR",178
1,"white","d4","rnbqkbnrpppppppp883P48PPP1PPPPRNBQKBNR",179
1,"white","d4","rnbqkbnrpppppppp883P48PPP1PPPPRNBQKBNR",180
1,"white","d4","rnbqkbnrpppppppp883P48PPP1PPPPRNBQKBNR",181
1,"white","d4","rnbqkbnrpppppppp883P48PPP1PPPPRNBQKBNR",182
1,"white","d4","rnbqkbnrpppppppp883P48PPP1PPPPRNBQKBNR",183
1,"white","d4","rnbqkbnrpppppppp883P48PPP1PPPPRNBQKBNR",184
1,"white","d4","rnbqkbnrpppppppp883P48PPP1PPPPRNBQKBNR",185
1,"white","d4","rnbqkbnrpppppppp883P48PPP1PPPPRNBQKBNR",186
1,"white","d4","rnbqkbnrpppppppp883P48PPP1PPPPRNBQKBNR",187
1,"white","d4","rnbqkbnrpppppppp883P48PPP1PPPPRNBQKBNR",188
1,"white","d4","rnbqkbnrpppppppp883P48PPP1PPPPRNBQKBNR",189
1,"white","d4","rnbqkbnrpppppppp883P48PPP1PPPPRNBQKBNR",190
1,"white","d4","rnbqkbnrpppppppp883P48PPP1PPPPRNBQKBNR",191
1,"white","d4","rnbqkbnrpppppppp883P48PPP1PPPPRNBQKBNR",192
1,"white","d4","rnbqkbnrpppppppp883P48PPP1PPPPRNBQKBNR",193
1,"white","d4","rnbqkbnrpppppppp883P48PPP1PPPPRNBQKBNR",194
1,"white","d4","rnbqkbnrpppppppp883P48PPP1PPPPRNBQKBNR",195
1,"white","d4","rnbqkbnrpppppppp883P48PPP1PPPPRNBQKBNR",196
1,"white","d4","rnbqkbnrpppppppp883P48PPP1PPPPRNBQKBNR",197
1,"white","d4","rnbqkbnrpppppppp883P48PPP1PPPPRNBQKBNR",198
1,"white","d4","rnbqkbnrpppppppp883P48PPP1PPPPRNBQKBNR",199
1,"white","d4","rnbqkbnrpppppppp883P48PPP1PPPPRNBQKBNR",200
1,"white","d4","rnbqkbnrpppppppp883P48PPP1PPPPRNBQKBNR",201
1,"white","d4","rnbqkbnrpppppppp883P48PPP1PPPPRNBQKBNR",202
1,"white","d4","rnbqkbnrpppppppp883P48PPP1PPPPRNBQKBNR",203
1,"white","d4","rnbqkbnrpppppppp883P48PPP1PPPPRNBQKBNR",204
1,"white","d4","rnbqkbnrpppppppp883P48PPP1PPPPRNBQKBNR",205
1,"white","d4","rnbqkbnrpppppppp883P48PPP1PPPPRNBQKBNR",206
1,"white","d4","rnbqkbnrpppppppp883P48PPP1PPPPRNBQKBNR",207
1,"white","d4","rnbqkbnrpppppppp883P48PPP1PPPPRNBQKBNR",208
1,"white","d4","rnbqkbnrpppppppp883P48PPP1PPPPRNBQKBNR",209
1,"white","d4","rnbqkbnrpppppppp883P48PPP1PPPPRNBQKBNR",210
1,"white","d4","rnbqkbnrpppppppp883P48PPP1PPPPRNBQKBNR",211
1,"white","d4","rnbqkbnrpppppppp883P48PPP1PPPPRNBQKBNR",212
1,"white","d4","rnbqkbnrpppppppp883P48PPP1PPPPRNBQKBNR",213
1,"white","d4","rnbqkbnrpppppppp883P48PPP1PPPPRNBQKBNR",214
1,"white","d4","rnbqkbnrpppppppp883P48PPP1PPPPRNBQKBNR",215
1,"white","d4","rnbqkbnrpppppppp883P48PPP1PPPPRNBQKBNR",216
1,"white","d4","rnbqkbnrpppppppp883P48PPP1PPPPRNBQKBNR",217
1,"white","d4","rnbqkbnrpppppppp883P48PPP1PPPPRNBQKBNR",218
1,"white","d4","rnbqkbnrpppppppp883P48PPP1PPPPRNBQKBNR",219
1,"white","d4","rnbqkbnrpppppppp883P48PPP1PPPPRNBQKBNR",220
1,"white","d4","rnbqkbnrpppppppp883P48PPP1PPPPRNBQKBNR",221
1,"white","d4","rnbqkbnrpppppppp883P48PPP1PPPPRNBQKBNR",222
1,"white","d4","rnbqkbnrpppppppp883P48PPP1PPPPRNBQKBNR",223
1,"white","d4","rnbqkbnrpppppppp883P48PPP1PPPPRNBQKBNR",224
1,"white","d4","rnbqkbnrpppppppp883P48PPP1PPPPRNBQKBNR",225
1,"white","e4","rnbqkbnrpppppppp884P38PPPP1PPPRNBQKBNR",226
1,"white","d4","rnbqkbnrpppppppp883P48PPP1PPPPRNBQKBNR",227
1,"white","e4","rnbqkbnrpppppppp884P38PPPP1PPPRNBQKBNR",228
1,"white","d4","rnbqkbnrpppppppp883P48PPP1PPPPRNBQKBNR",229
1,"white","e4","rnbqkbnrpppppppp884P38PPPP1PPPRNBQKBNR",230
1,"white","d4","rnbqkbnrpppppppp883P48PPP1PPPPRNBQKBNR",231
1,"white","e4","rnbqkbnrpppppppp884P38PPPP1PPPRNBQKBNR",232
1,"white","d4","rnbqkbnrpppppppp883P48PPP1PPPPRNBQKBNR",233
1,"white","d4","rnbqkbnrpppppppp883P48PPP1PPPPRNBQKBNR",234
1,"white","d4","rnbqkbnrpppppppp883P48PPP1PPPPRNBQKBNR",235
1,"white","d4","rnbqkbnrpppppppp883P48PPP1PPPPRNBQKBNR",236
1,"white","d4","rnbqkbnrpppppppp883P48PPP1PPPPRNBQKBNR",237
1,"white","d4","rnbqkbnrpppppppp883P48PPP1PPPPRNBQKBNR",238
1,"white","d4","rnbqkbnrpppppppp883P48PPP1PPPPRNBQKBNR",239
1,"white","d4","rnbqkbnrpppppppp883P48PPP1PPPPRNBQKBNR",240
1,"white","d4","rnbqkbnrpppppppp883P48PPP1PPPPRNBQKBNR",241
1,"white","d4","rnbqkbnrpppppppp883P48PPP1PPPPRNBQKBNR",242
1,"white","d4","rnbqkbnrpppppppp883P48PPP1PPPPRNBQKBNR",243
1,"white","d4","rnbqkbnrpppppppp883P48PPP1PPPPRNBQKBNR",244
1,"white","d4","rnbqkbnrpppppppp883P48PPP1PPPPRNBQKBNR",245
1,"white","Nf3","rnbqkbnrpppppppp8885N2PPPPPPPPRNBQKB1R",246
1,"white","d4","rnbqkbnrpppppppp883P48PPP1PPPPRNBQKBNR",247
1,"white","Nf3","rnbqkbnrpppppppp8885N2PPPPPPPPRNBQKB1R",248
1,"white","e4","rnbqkbnrpppppppp884P38PPPP1PPPRNBQKBNR",249
1,"white","d4","rnbqkbnrpppppppp883P48PPP1PPPPRNBQKBNR",250
1,"white","d4","rnbqkbnrpppppppp883P48PPP1PPPPRNBQKBNR",251
1,"white","d4","rnbqkbnrpppppppp883P48PPP1PPPPRNBQKBNR",252
1,"white","Nf3","rnbqkbnrpppppppp8885N2PPPPPPPPRNBQKB1R",253
1,"white","d4","rnbqkbnrpppppppp883P48PPP1PPPPRNBQKBNR",254
1,"white","d4","rnbqkbnrpppppppp883P48PPP1PPPPRNBQKBNR",255
1,"white","d4","rnbqkbnrpppppppp883P48PPP1PPPPRNBQKBNR",256
1,"white","d4","rnbqkbnrpppppppp883P48PPP1PPPPRNBQKBNR",257
1,"white","d4","rnbqkbnrpppppppp883P48PPP1PPPPRNBQKBNR",258
1,"white","d4","rnbqkbnrpppppppp883P48PPP1PPPPRNBQKBNR",259
1,"white","d4","rnbqkbnrpppppppp883P48PPP1PPPPRNBQKBNR",260
1,"white","d4","rnbqkbnrpppppppp883P48PPP1PPPPRNBQKBNR",261
1,"white","e4","rnbqkbnrpppppppp884P38PPPP1PPPRNBQKBNR",262
1,"white","d4","rnbqkbnrpppppppp883P48PPP1PPPPRNBQKBNR",263
1,"white","e4","rnbqkbnrpppppppp884P38PPPP1PPPRNBQKBNR",264
1,"white","d4","rnbqkbnrpppppppp883P48PPP1PPPPRNBQKBNR",265
1,"white","e4","rnbqkbnrpppppppp884P38PPPP1PPPRNBQKBNR",266
1,"white","d4","rnbqkbnrpppppppp883P48PPP1PPPPRNBQKBNR",267
1,"white","e4","rnbqkbnrpppppppp884P38PPPP1PPPRNBQKBNR",268
1,"white","d4","rnbqkbnrpppppppp883P48PPP1PPPPRNBQKBNR",269
1,"white","d4","rnbqkbnrpppppppp883P48PPP1PPPPRNBQKBNR",270
1,"white","d4","rnbqkbnrpppppppp883P48PPP1PPPPRNBQKBNR",271
1,"white","e4","rnbqkbnrpppppppp884P38PPPP1PPPRNBQKBNR",272
1,"white","d4","rnbqkbnrpppppppp883P48PPP1PPPPRNBQKBNR",273
1,"white","d4","rnbqkbnrpppppppp883P48PPP1PPPPRNBQKBNR",274
1,"white","d4","rnbqkbnrpppppppp883P48PPP1PPPPRNBQKBNR",275
1,"white","d4","rnbqkbnrpppppppp883P48PPP1PPPPRNBQKBNR",276
1,"white","c4","rnbqkbnrpppppppp882P58PP1PPPPPRNBQKBNR",277
1,"white","d4","rnbqkbnrpppppppp883P48PPP1PPPPRNBQKBNR",278
1,"white","d4","rnbqkbnrpppppppp883P48PPP1PPPPRNBQKBNR",279
1,"white","d4","rnbqkbnrpppppppp883P48PPP1PPPPRNBQKBNR",280
1,"white","d4","rnbqkbnrpppppppp883P48PPP1PPPPRNBQKBNR",281
1,"white","d4","rnbqkbnrpppppppp883P48PPP1PPPPRNBQKBNR",282
1,"white","d4","rnbqkbnrpppppppp883P48PPP1PPPPRNBQKBNR",283
1,"white","d4","rnbqkbnrpppppppp883P48PPP1PPPPRNBQKBNR",284
1,"white","d4","rnbqkbnrpppppppp883P48PPP1PPPPRNBQKBNR",285
1,"white","e4","rnbqkbnrpppppppp884P38PPPP1PPPRNBQKBNR",286
1,"white","d4","rnbqkbnrpppppppp883P48PPP1PPPPRNBQKBNR",287
1,"white","e4","rnbqkbnrpppppppp884P38PPPP1PPPRNBQKBNR",288
1,"white","d4","rnbqkbnrpppppppp883P48PPP1PPPPRNBQKBNR",289
1,"white","d4","rnbqkbnrpppppppp883P48PPP1PPPPRNBQKBNR",290
1,"white","d4","rnbqkbnrpppppppp883P48PPP1PPPPRNBQKBNR",291
1,"white","d4","rnbqkbnrpppppppp883P48PPP1PPPPRNBQKBNR",292
1,"white","d4","rnbqkbnrpppppppp883P48PPP1PPPPRNBQKBNR",293
1,"white","d4","rnbqkbnrpppppppp883P48PPP1PPPPRNBQKBNR",294
1,"white","d4","rnbqkbnrpppppppp883P48PPP1PPPPRNBQKBNR",295
1,"white","d4","rnbqkbnrpppppppp883P48PPP1PPPPRNBQKBNR",296
1,"white","d4","rnbqkbnrpppppppp883P48PPP1PPPPRNBQKBNR",297
1,"white","d4","rnbqkbnrpppppppp883P48PPP1PPPPRNBQKBNR",298
1,"white","d4","rnbqkbnrpppppppp883P48PPP1PPPPRNBQKBNR",299
1,"white","d4","rnbqkbnrpppppppp883P48PPP1PPPPRNBQKBNR",300
1,"white","d4","rnbqkbnrpppppppp883P48PPP1PPPPRNBQKBNR",301
1,"white","d4","rnbqkbnrpppppppp883P48PPP1PPPPRNBQKBNR",302
1,"white","d4","rnbqkbnrpppppppp883P48PPP1PPPPRNBQKBNR",303
1,"white","d4","rnbqkbnrpppppppp883P48PPP1PPPPRNBQKBNR",304
1,"white","d4","rnbqkbnrpppppppp883P48PPP1PPPPRNBQKBNR",305
1,"white","d4","rnbqkbnrpppppppp883P48PPP1PPPPRNBQKBNR",306
1,"white","Nf3","rnbqkbnrpppppppp8885N2PPPPPPPPRNBQKB1R",307
1,"white","d4","rnbqkbnrpppppppp883P48PPP1PPPPRNBQKBNR",308
1,"white","d4","rnbqkbnrpppppppp883P48PPP1PPPPRNBQKBNR",309
1,"white","d4","rnbqkbnrpppppppp883P48PPP1PPPPRNBQKBNR",310
1,"white","Nf3","rnbqkbnrpppppppp8885N2PPPPPPPPRNBQKB1R",311
1,"white","d4","rnbqkbnrpppppppp883P48PPP1PPPPRNBQKBNR",312
1,"white","Nf3","rnbqkbnrpppppppp8885N2PPPPPPPPRNBQKB1R",313
1,"white","d4","rnbqkbnrpppppppp883P48PPP1PPPPRNBQKBNR",314
1,"white","e4","rnbqkbnrpppppppp884P38PPPP1PPPRNBQKBNR",315
1,"white","e4","rnbqkbnrpppppppp884P38PPPP1PPPRNBQKBNR",316
1,"white","d4","rnbqkbnrpppppppp883P48PPP1PPPPRNBQKBNR",317
1,"white","c4","rnbqkbnrpppppppp882P58PP1PPPPPRNBQKBNR",318
1,"white","Nf3","rnbqkbnrpppppppp8885N2PPPPPPPPRNBQKB1R",319
1,"white","d4","rnbqkbnrpppppppp883P48PPP1PPPPRNBQKBNR",320
1,"white","d4","rnbqkbnrpppppppp883P48PPP1PPPPRNBQKBNR",321
1,"white","e4","rnbqkbnrpppppppp884P38PPPP1PPPRNBQKBNR",322
1,"white","c4","rnbqkbnrpppppppp882P58PP1PPPPPRNBQKBNR",323
1,"white","d4","rnbqkbnrpppppppp883P48PPP1PPPPRNBQKBNR",324
1,"white","e4","rnbqkbnrpppppppp884P38PPPP1PPPRNBQKBNR",325
1,"white","c4","rnbqkbnrpppppppp882P58PP1PPPPPRNBQKBNR",326
1,"white","e4","rnbqkbnrpppppppp884P38PPPP1PPPRNBQKBNR",327
1,"white","d4","rnbqkbnrpppppppp883P48PPP1PPPPRNBQKBNR",328
1,"white","d4","rnbqkbnrpppppppp883P48PPP1PPPPRNBQKBNR",329
1,"white","e4","rnbqkbnrpppppppp884P38PPPP1PPPRNBQKBNR",330
1,"white","d4","rnbqkbnrpppppppp883P48PPP1PPPPRNBQKBNR",331
1,"white","e4","rnbqkbnrpppppppp884P38PPPP1PPPRNBQKBNR",332
1,"white","e4","rnbqkbnrpppppppp884P38PPPP1PPPRNBQKBNR",333
1,"white","e4","rnbqkbnrpppppppp884P38PPPP1PPPRNBQKBNR",334
1,"white","e4","rnbqkbnrpppppppp884P38PPPP1PPPRNBQKBNR",335
1,"white","d4","rnbqkbnrpppppppp883P48PPP1PPPPRNBQKBNR",336
1,"white","d4","rnbqkbnrpppppppp883P48PPP1PPPPRNBQKBNR",337
1,"white","d4","rnbqkbnrpppppppp883P48PPP1PPPPRNBQKBNR",338
1,"white","d4","rnbqkbnrpppppppp883P48PPP1PPPPRNBQKBNR",339
1,"white","d4","rnbqkbnrpppppppp883P48PPP1PPPPRNBQKBNR",340
1,"white","d4","rnbqkbnrpppppppp883P48PPP1PPPPRNBQKBNR",341
1,"white","c4","rnbqkbnrpppppppp882P58PP1PPPPPRNBQKBNR",342
1,"white","e4","rnbqkbnrpppppppp884P38PPPP1PPPRNBQKBNR",343
1,"white","d4","rnbqkbnrpppppppp883P48PPP1PPPPRNBQKBNR",344
1,"white","e4","rnbqkbnrpppppppp884P38PPPP1PPPRNBQKBNR",345
1,"white","d4","rnbqkbnrpppppppp883P48PPP1PPPPRNBQKBNR",346
1,"white","d4","rnbqkbnrpppppppp883P48PPP1PPPPRNBQKBNR",347
1,"white","e4","rnbqkbnrpppppppp884P38PPPP1PPPRNBQKBNR",348
1,"white","d4","rnbqkbnrpppppppp883P48PPP1PPPPRNBQKBNR",349
1,"white","e4","rnbqkbnrpppppppp884P38PPPP1PPPRNBQKBNR",350
1,"white","d4","rnbqkbnrpppppppp883P48PPP1PPPPRNBQKBNR",351
1,"white","d4","rnbqkbnrpppppppp883P48PPP1PPPPRNBQKBNR",352
1,"white","d4","rnbqkbnrpppppppp883P48PPP1PPPPRNBQKBNR",353
1,"white","e4","rnbqkbnrpppppppp884P38PPPP1PPPRNBQKBNR",354
1,"white","d4","rnbqkbnrpppppppp883P48PPP1PPPPRNBQKBNR",355
1,"white","c4","rnbqkbnrpppppppp882P58PP1PPPPPRNBQKBNR",356
1,"white","d4","rnbqkbnrpppppppp883P48PPP1PPPPRNBQKBNR",357
1,"white","d4","rnbqkbnrpppppppp883P48PPP1PPPPRNBQKBNR",358
1,"white","e4","rnbqkbnrpppppppp884P38PPPP1PPPRNBQKBNR",359
1,"white","d4","rnbqkbnrpppppppp883P48PPP1PPPPRNBQKBNR",360
1,"white","e4","rnbqkbnrpppppppp884P38PPPP1PPPRNBQKBNR",361
1,"white","d4","rnbqkbnrpppppppp883P48PPP1PPPPRNBQKBNR",362
1,"white","d4","rnbqkbnrpppppppp883P48PPP1PPPPRNBQKBNR",363
1,"white","d4","rnbqkbnrpppppppp883P48PPP1PPPPRNBQKBNR",364
1,"white","e4","rnbqkbnrpppppppp884P38PPPP1PPPRNBQKBNR",365
1,"white","d4","rnbqkbnrpppppppp883P48PPP1PPPPRNBQKBNR",366
1,"white","d4","rnbqkbnrpppppppp883P48PPP1PPPPRNBQKBNR",367
1,"white","e4","rnbqkbnrpppppppp884P38PPPP1PPPRNBQKBNR",368
1,"white","d4","rnbqkbnrpppppppp883P48PPP1PPPPRNBQKBNR",369
1,"white","d4","rnbqkbnrpppppppp883P48PPP1PPPPRNBQKBNR",370
1,"white","d4","rnbqkbnrpppppppp883P48PPP1PPPPRNBQKBNR",371
1,"white","d4","rnbqkbnrpppppppp883P48PPP1PPPPRNBQKBNR",372
1,"white","d4","rnbqkbnrpppppppp883P48PPP1PPPPRNBQKBNR",373
1,"white","d4","rnbqkbnrpppppppp883P48PPP1PPPPRNBQKBNR",374
1,"white","d4","rnbqkbnrpppppppp883P48PPP1PPPPRNBQKBNR",375
1,"white","Nf3","rnbqkbnrpppppppp8885N2PPPPPPPPRNBQKB1R",376
1,"white","d4","rnbqkbnrpppppppp883P48PPP1PPPPRNBQKBNR",377
1,"white","d4","rnbqkbnrpppppppp883P48PPP1PPPPRNBQKBNR",378
1,"white","d4","rnbqkbnrpppppppp883P48PPP1PPPPRNBQKBNR",379
1,"white","d4","rnbqkbnrpppppppp883P48PPP1PPPPRNBQKBNR",380
1,"white","d4","rnbqkbnrpppppppp883P48PPP1PPPPRNBQKBNR",381
1,"white","c4","rnbqkbnrpppppppp882P58PP1PPPPPRNBQKBNR",382
1,"white","d4","rnbqkbnrpppppppp883P48PPP1PPPPRNBQKBNR",383
1,"white","d4","rnbqkbnrpppppppp883P48PPP1PPPPRNBQKBNR",384
1,"white","d4","rnbqkbnrpppppppp883P48PPP1PPPPRNBQKBNR",385
1,"white","d4","rnbqkbnrpppppppp883P48PPP1PPPPRNBQKBNR",386
1,"white","e4","rnbqkbnrpppppppp884P38PPPP1PPPRNBQKBNR",387
1,"white","d4","rnbqkbnrpppppppp883P48PPP1PPPPRNBQKBNR",388
1,"white","e4","rnbqkbnrpppppppp884P38PPPP1PPPRNBQKBNR",389
1,"white","d4","rnbqkbnrpppppppp883P48PPP1PPPPRNBQKBNR",390
1,"white","c4","rnbqkbnrpppppppp882P58PP1PPPPPRNBQKBNR",391
1,"white","d4","rnbqkbnrpppppppp883P48PPP1PPPPRNBQKBNR",392
1,"white","e4","rnbqkbnrpppppppp884P38PPPP1PPPRNBQKBNR",393
1,"white","d4","rnbqkbnrpppppppp883P48PPP1PPPPRNBQKBNR",394
1,"white","e4","rnbqkbnrpppppppp884P38PPPP1PPPRNBQKBNR",395
1,"white","d4","rnbqkbnrpppppppp883P48PPP1PPPPRNBQKBNR",396
1,"white","e4","rnbqkbnrpppppppp884P38PPPP1PPPRNBQKBNR",397
1,"white","d4","rnbqkbnrpppppppp883P48PPP1PPPPRNBQKBNR",398
1,"white","e4","rnbqkbnrpppppppp884P38PPPP1PPPRNBQKBNR",399
1,"white","d4","rnbqkbnrpppppppp883P48PPP1PPPPRNBQKBNR",400
1,"white","e4","rnbqkbnrpppppppp884P38PPPP1PPPRNBQKBNR",401
1,"white","d4","rnbqkbnrpppppppp883P48PPP1PPPPRNBQKBNR",402
1,"white","Nf3","rnbqkbnrpppppppp8885N2PPPPPPPPRNBQKB1R",403
1,"white","d4","rnbqkbnrpppppppp883P48PPP1PPPPRNBQKBNR",404
1,"white","e4","rnbqkbnrpppppppp884P38PPPP1PPPRNBQKBNR",405
1,"white","d4","rnbqkbnrpppppppp883P48PPP1PPPPRNBQKBNR",406
1,"white","e4","rnbqkbnrpppppppp884P38PPPP1PPPRNBQKBNR",407
1,"white","c4","rnbqkbnrpppppppp882P58PP1PPPPPRNBQKBNR",408
1,"white","e4","rnbqkbnrpppppppp884P38PPPP1PPPRNBQKBNR",409
1,"white","Nf3","rnbqkbnrpppppppp8885N2PPPPPPPPRNBQKB1R",410
1,"white","c4","rnbqkbnrpppppppp882P58PP1PPPPPRNBQKBNR",411
1,"white","e4","rnbqkbnrpppppppp884P38PPPP1PPPRNBQKBNR",412
1,"white","c4","rnbqkbnrpppppppp882P58PP1PPPPPRNBQKBNR",413
1,"white","e4","rnbqkbnrpppppppp884P38PPPP1PPPRNBQKBNR",414
1,"white","c4","rnbqkbnrpppppppp882P58PP1PPPPPRNBQKBNR",415
1,"white","d4","rnbqkbnrpppppppp883P48PPP1PPPPRNBQKBNR",416
1,"white","c4","rnbqkbnrpppppppp882P58PP1PPPPPRNBQKBNR",417
1,"white","e4","rnbqkbnrpppppppp884P38PPPP1PPPRNBQKBNR",418
1,"white","c4","rnbqkbnrpppppppp882P58PP1PPPPPRNBQKBNR",419
1,"white","e4","rnbqkbnrpppppppp884P38PPPP1PPPRNBQKBNR",420
1,"white","Nf3","rnbqkbnrpppppppp8885N2PPPPPPPPRNBQKB1R",421
1,"white","e4","rnbqkbnrpppppppp884P38PPPP1PPPRNBQKBNR",422
1,"white","c4","rnbqkbnrpppppppp882P58PP1PPPPPRNBQKBNR",423
1,"white","d4","rnbqkbnrpppppppp883P48PPP1PPPPRNBQKBNR",424
1,"white","c4","rnbqkbnrpppppppp882P58PP1PPPPPRNBQKBNR",425
1,"white","e4","rnbqkbnrpppppppp884P38PPPP1PPPRNBQKBNR",426
1,"white","Nf3","rnbqkbnrpppppppp8885N2PPPPPPPPRNBQKB1R",427
1,"white","e4","rnbqkbnrpppppppp884P38PPPP1PPPRNBQKBNR",428
1,"white","c4","rnbqkbnrpppppppp882P58PP1PPPPPRNBQKBNR",429
1,"white","e4","rnbqkbnrpppppppp884P38PPPP1PPPRNBQKBNR",430
1,"white","d4","rnbqkbnrpppppppp883P48PPP1PPPPRNBQKBNR",431
1,"white","e4","rnbqkbnrpppppppp884P38PPPP1PPPRNBQKBNR",432
1,"white","e4","rnbqkbnrpppppppp884P38PPPP1PPPRNBQKBNR",433
1,"white","d4","rnbqkbnrpppppppp883P48PPP1PPPPRNBQKBNR",434
1,"white","e4","rnbqkbnrpppppppp884P38PPPP1PPPRNBQKBNR",435
1,"white","d4","rnbqkbnrpppppppp883P48PPP1PPPPRNBQKBNR",436
1,"white","e4","rnbqkbnrpppppppp884P38PPPP1PPPRNBQKBNR",437
1,"white","c4","rnbqkbnrpppppppp882P58PP1PPPPPRNBQKBNR",438
1,"white","e4","rnbqkbnrpppppppp884P38PPPP1PPPRNBQKBNR",439
1,"white","c4","rnbqkbnrpppppppp882P58PP1PPPPPRNBQKBNR",440
1,"white","e4","rnbqkbnrpppppppp884P38PPPP1PPPRNBQKBNR",441
1,"white","c4","rnbqkbnrpppppppp882P58PP1PPPPPRNBQKBNR",442
1,"white","d4","rnbqkbnrpppppppp883P48PPP1PPPPRNBQKBNR",443
1,"white","c4","rnbqkbnrpppppppp882P58PP1PPPPPRNBQKBNR",444
1,"white","d4","rnbqkbnrpppppppp883P48PPP1PPPPRNBQKBNR",445
1,"white","c4","rnbqkbnrpppppppp882P58PP1PPPPPRNBQKBNR",446
1,"white","e4","rnbqkbnrpppppppp884P38PPPP1PPPRNBQKBNR",447
1,"white","c4","rnbqkbnrpppppppp882P58PP1PPPPPRNBQKBNR",448
1,"white","e4","rnbqkbnrpppppppp884P38PPPP1PPPRNBQKBNR",449
1,"white","c4","rnbqkbnrpppppppp882P58PP1PPPPPRNBQKBNR",450
1,"white","e4","rnbqkbnrpppppppp884P38PPPP1PPPRNBQKBNR",451
1,"white","c4","rnbqkbnrpppppppp882P58PP1PPPPPRNBQKBNR",452
1,"white","e4","rnbqkbnrpppppppp884P38PPPP1PPPRNBQKBNR",453
1,"white","d4","rnbqkbnrpppppppp883P48PPP1PPPPRNBQKBNR",454
1,"white","Nf3","rnbqkbnrpppppppp8885N2PPPPPPPPRNBQKB1R",455
1,"white","e4","rnbqkbnrpppppppp884P38PPPP1PPPRNBQKBNR",456
1,"white","d4","rnbqkbnrpppppppp883P48PPP1PPPPRNBQKBNR",457
1,"white","e4","rnbqkbnrpppppppp884P38PPPP1PPPRNBQKBNR",458
1,"white","d4","rnbqkbnrpppppppp883P48PPP1PPPPRNBQKBNR",459
1,"white","e4","rnbqkbnrpppppppp884P38PPPP1PPPRNBQKBNR",460
1,"white","c4","rnbqkbnrpppppppp882P58PP1PPPPPRNBQKBNR",461
1,"white","e4","rnbqkbnrpppppppp884P38PPPP1PPPRNBQKBNR",462
1,"white","d4","rnbqkbnrpppppppp883P48PPP1PPPPRNBQKBNR",463
1,"white","e4","rnbqkbnrpppppppp884P38PPPP1PPPRNBQKBNR",464
1,"white","d4","rnbqkbnrpppppppp883P48PPP1PPPPRNBQKBNR",465
1,"white","Nf3","rnbqkbnrpppppppp8885N2PPPPPPPPRNBQKB1R",466
1,"white","c4","rnbqkbnrpppppppp882P58PP1PPPPPRNBQKBNR",467
1,"white","c4","rnbqkbnrpppppppp882P58PP1PPPPPRNBQKBNR",468
1,"white","d4","rnbqkbnrpppppppp883P48PPP1PPPPRNBQKBNR",469
1,"white","e4","rnbqkbnrpppppppp884P38PPPP1PPPRNBQKBNR",470
1,"white","d4","rnbqkbnrpppppppp883P48PPP1PPPPRNBQKBNR",471
1,"white","e4","rnbqkbnrpppppppp884P38PPPP1PPPRNBQKBNR",472
1,"white","d4","rnbqkbnrpppppppp883P48PPP1PPPPRNBQKBNR",473
1,"white","c4","rnbqkbnrpppppppp882P58PP1PPPPPRNBQKBNR",474
1,"white","d4","rnbqkbnrpppppppp883P48PPP1PPPPRNBQKBNR",475
1,"white","d4","rnbqkbnrpppppppp883P48PPP1PPPPRNBQKBNR",476
1,"white","c4","rnbqkbnrpppppppp882P58PP1PPPPPRNBQKBNR",477
1,"white","e4","rnbqkbnrpppppppp884P38PPPP1PPPRNBQKBNR",478
1,"white","c4","rnbqkbnrpppppppp882P58PP1PPPPPRNBQKBNR",479
1,"white","e4","rnbqkbnrpppppppp884P38PPPP1PPPRNBQKBNR",480
1,"white","c4","rnbqkbnrpppppppp882P58PP1PPPPPRNBQKBNR",481
1,"white","e4","rnbqkbnrpppppppp884P38PPPP1PPPRNBQKBNR",482
1,"white","c4","rnbqkbnrpppppppp882P58PP1PPPPPRNBQKBNR",483
1,"white","e4","rnbqkbnrpppppppp884P38PPPP1PPPRNBQKBNR",484
1,"white","c4","rnbqkbnrpppppppp882P58PP1PPPPPRNBQKBNR",485
1,"white","e4","rnbqkbnrpppppppp884P38PPPP1PPPRNBQKBNR",486
1,"white","d4","rnbqkbnrpppppppp883P48PPP1PPPPRNBQKBNR",487
1,"white","e4","rnbqkbnrpppppppp884P38PPPP1PPPRNBQKBNR",488
1,"white","d4","rnbqkbnrpppppppp883P48PPP1PPPPRNBQKBNR",489
1,"white","e4","rnbqkbnrpppppppp884P38PPPP1PPPRNBQKBNR",490
1,"white","d4","rnbqkbnrpppppppp883P48PPP1PPPPRNBQKBNR",491
1,"white","e4","rnbqkbnrpppppppp884P38PPPP1PPPRNBQKBNR",492
1,"white","d4","rnbqkbnrpppppppp883P48PPP1PPPPRNBQKBNR",493
1,"white","e4","rnbqkbnrpppppppp884P38PPPP1PPPRNBQKBNR",494
1,"white","d4","rnbqkbnrpppppppp883P48PPP1PPPPRNBQKBNR",495
1,"white","e4","rnbqkbnrpppppppp884P38PPPP1PPPRNBQKBNR",496
1,"white","d4","rnbqkbnrpppppppp883P48PPP1PPPPRNBQKBNR",497
1,"white","d4","rnbqkbnrpppppppp883P48PPP1PPPPRNBQKBNR",498
1,"white","d4","rnbqkbnrpppppppp883P48PPP1PPPPRNBQKBNR",499
1,"white","d4","rnbqkbnrpppppppp883P48PPP1PPPPRNBQKBNR",500
1,"white","c4","rnbqkbnrpppppppp882P58PP1PPPPPRNBQKBNR",501
1,"white","c4","rnbqkbnrpppppppp882P58PP1PPPPPRNBQKBNR",502
1,"white","d4","rnbqkbnrpppppppp883P48PPP1PPPPRNBQKBNR",503
1,"white","c4","rnbqkbnrpppppppp882P58PP1PPPPPRNBQKBNR",504
1,"white","d4","rnbqkbnrpppppppp883P48PPP1PPPPRNBQKBNR",505
1,"white","c4","rnbqkbnrpppppppp882P58PP1PPPPPRNBQKBNR",506
1,"white","d4","rnbqkbnrpppppppp883P48PPP1PPPPRNBQKBNR",507
1,"white","c4","rnbqkbnrpppppppp882P58PP1PPPPPRNBQKBNR",508
1,"white","d4","rnbqkbnrpppppppp883P48PPP1PPPPRNBQKBNR",509
1,"white","d4","rnbqkbnrpppppppp883P48PPP1PPPPRNBQKBNR",510
1,"white","d4","rnbqkbnrpppppppp883P48PPP1PPPPRNBQKBNR",511
1,"white","d4","rnbqkbnrpppppppp883P48PPP1PPPPRNBQKBNR",512
1,"white","d4","rnbqkbnrpppppppp883P48PPP1PPPPRNBQKBNR",513
1,"white","d4","rnbqkbnrpppppppp883P48PPP1PPPPRNBQKBNR",514
1,"white","d4","rnbqkbnrpppppppp883P48PPP1PPPPRNBQKBNR",515
1,"white","c4","rnbqkbnrpppppppp882P58PP1PPPPPRNBQKBNR",516
1,"white","d4","rnbqkbnrpppppppp883P48PPP1PPPPRNBQKBNR",517
1,"white","c4","rnbqkbnrpppppppp882P58PP1PPPPPRNBQKBNR",518
1,"white","d4","rnbqkbnrpppppppp883P48PPP1PPPPRNBQKBNR",519
1,"white","e4","rnbqkbnrpppppppp884P38PPPP1PPPRNBQKBNR",520
1,"white","c4","rnbqkbnrpppppppp882P58PP1PPPPPRNBQKBNR",521
1,"white","e4","rnbqkbnrpppppppp884P38PPPP1PPPRNBQKBNR",522
1,"white","c4","rnbqkbnrpppppppp882P58PP1PPPPPRNBQKBNR",523
1,"white","e4","rnbqkbnrpppppppp884P38PPPP1PPPRNBQKBNR",524
1,"white","c4","rnbqkbnrpppppppp882P58PP1PPPPPRNBQKBNR",525
1,"white","d4","rnbqkbnrpppppppp883P48PPP1PPPPRNBQKBNR",526
1,"white","c4","rnbqkbnrpppppppp882P58PP1PPPPPRNBQKBNR",527
1,"white","e4","rnbqkbnrpppppppp884P38PPPP1PPPRNBQKBNR",528
1,"white","Nf3","rnbqkbnrpppppppp8885N2PPPPPPPPRNBQKB1R",529
1,"white","e4","rnbqkbnrpppppppp884P38PPPP1PPPRNBQKBNR",530
1,"white","Nf3","rnbqkbnrpppppppp8885N2PPPPPPPPRNBQKB1R",531
1,"white","e4","rnbqkbnrpppppppp884P38PPPP1PPPRNBQKBNR",532
1,"white","Nf3","rnbqkbnrpppppppp8885N2PPPPPPPPRNBQKB1R",533
1,"white","e4","rnbqkbnrpppppppp884P38PPPP1PPPRNBQKBNR",534
1,"white","d4","rnbqkbnrpppppppp883P48PPP1PPPPRNBQKBNR",535
1,"white","e4","rnbqkbnrpppppppp884P38PPPP1PPPRNBQKBNR",536
1,"white","d4","rnbqkbnrpppppppp883P48PPP1PPPPRNBQKBNR",537
1,"white","e4","rnbqkbnrpppppppp884P38PPPP1PPPRNBQKBNR",538
1,"white","d4","rnbqkbnrpppppppp883P48PPP1PPPPRNBQKBNR",539
1,"white","e4","rnbqkbnrpppppppp884P38PPPP1PPPRNBQKBNR",540
1,"white","d4","rnbqkbnrpppppppp883P48PPP1PPPPRNBQKBNR",541
1,"white","e4","rnbqkbnrpppppppp884P38PPPP1PPPRNBQKBNR",542
1,"white","d4","rnbqkbnrpppppppp883P48PPP1PPPPRNBQKBNR",543
1,"white","e4","rnbqkbnrpppppppp884P38PPPP1PPPRNBQKBNR",544
1,"white","c4","rnbqkbnrpppppppp882P58PP1PPPPPRNBQKBNR",545
1,"white","e4","rnbqkbnrpppppppp884P38PPPP1PPPRNBQKBNR",546
1,"white","c4","rnbqkbnrpppppppp882P58PP1PPPPPRNBQKBNR",547
1,"white","c4","rnbqkbnrpppppppp882P58PP1PPPPPRNBQKBNR",548
1,"white","c4","rnbqkbnrpppppppp882P58PP1PPPPPRNBQKBNR",549
1,"white","d4","rnbqkbnrpppppppp883P48PPP1PPPPRNBQKBNR",550
1,"white","c4","rnbqkbnrpppppppp882P58PP1PPPPPRNBQKBNR",551
1,"white","d4","rnbqkbnrpppppppp883P48PPP1PPPPRNBQKBNR",552
1,"white","d4","rnbqkbnrpppppppp883P48PPP1PPPPRNBQKBNR",553
1,"white","d4","rnbqkbnrpppppppp883P48PPP1PPPPRNBQKBNR",554
1,"white","c4","rnbqkbnrpppppppp882P58PP1PPPPPRNBQKBNR",555
1,"white","e4","rnbqkbnrpppppppp884P38PPPP1PPPRNBQKBNR",556
1,"white","c4","rnbqkbnrpppppppp882P58PP1PPPPPRNBQKBNR",557
1,"white","e4","rnbqkbnrpppppppp884P38PPPP1PPPRNBQKBNR",558
1,"white","c4","rnbqkbnrpppppppp882P58PP1PPPPPRNBQKBNR",559
1,"white","e4","rnbqkbnrpppppppp884P38PPPP1PPPRNBQKBNR",560
1,"white","c4","rnbqkbnrpppppppp882P58PP1PPPPPRNBQKBNR",561
1,"white","e4","rnbqkbnrpppppppp884P38PPPP1PPPRNBQKBNR",562
1,"white","c4","rnbqkbnrpppppppp882P58PP1PPPPPRNBQKBNR",563
1,"white","e4","rnbqkbnrpppppppp884P38PPPP1PPPRNBQKBNR",564
1,"white","c4","rnbqkbnrpppppppp882P58PP1PPPPPRNBQKBNR",565
1,"white","e4","rnbqkbnrpppppppp884P38PPPP1PPPRNBQKBNR",566
1,"white","d4","rnbqkbnrpppppppp883P48PPP1PPPPRNBQKBNR",567
1,"white","d4","rnbqkbnrpppppppp883P48PPP1PPPPRNBQKBNR",568
1,"white","e4","rnbqkbnrpppppppp884P38PPPP1PPPRNBQKBNR",569
1,"white","d4","rnbqkbnrpppppppp883P48PPP1PPPPRNBQKBNR",570
1,"white","c4","rnbqkbnrpppppppp882P58PP1PPPPPRNBQKBNR",571
1,"white","e4","rnbqkbnrpppppppp884P38PPPP1PPPRNBQKBNR",572
1,"white","c4","rnbqkbnrpppppppp882P58PP1PPPPPRNBQKBNR",573
1,"white","d4","rnbqkbnrpppppppp883P48PPP1PPPPRNBQKBNR",574
1,"white","e4","rnbqkbnrpppppppp884P38PPPP1PPPRNBQKBNR",575
1,"white","e4","rnbqkbnrpppppppp884P38PPPP1PPPRNBQKBNR",576
1,"white","c4","rnbqkbnrpppppppp882P58PP1PPPPPRNBQKBNR",577
1,"white","e4","rnbqkbnrpppppppp884P38PPPP1PPPRNBQKBNR",578
1,"white","c4","rnbqkbnrpppppppp882P58PP1PPPPPRNBQKBNR",579
1,"white","e4","rnbqkbnrpppppppp884P38PPPP1PPPRNBQKBNR",580
1,"white","e4","rnbqkbnrpppppppp884P38PPPP1PPPRNBQKBNR",581
1,"white","e4","rnbqkbnrpppppppp884P38PPPP1PPPRNBQKBNR",582
1,"white","e4","rnbqkbnrpppppppp884P38PPPP1PPPRNBQKBNR",583
1,"white","e4","rnbqkbnrpppppppp884P38PPPP1PPPRNBQKBNR",584
1,"white","e4","rnbqkbnrpppppppp884P38PPPP1PPPRNBQKBNR",585
1,"white","e4","rnbqkbnrpppppppp884P38PPPP1PPPRNBQKBNR",586
1,"white","c4","rnbqkbnrpppppppp882P58PP1PPPPPRNBQKBNR",587
1,"white","e4","rnbqkbnrpppppppp884P38PPPP1PPPRNBQKBNR",588
1,"white","c4","rnbqkbnrpppppppp882P58PP1PPPPPRNBQKBNR",589
1,"white","e4","rnbqkbnrpppppppp884P38PPPP1PPPRNBQKBNR",590
1,"white","c4","rnbqkbnrpppppppp882P58PP1PPPPPRNBQKBNR",591
1,"white","c4","rnbqkbnrpppppppp882P58PP1PPPPPRNBQKBNR",592
1,"white","d4","rnbqkbnrpppppppp883P48PPP1PPPPRNBQKBNR",593
1,"white","e4","rnbqkbnrpppppppp884P38PPPP1PPPRNBQKBNR",594
1,"white","c4","rnbqkbnrpppppppp882P58PP1PPPPPRNBQKBNR",595
1,"white","e4","rnbqkbnrpppppppp884P38PPPP1PPPRNBQKBNR",596
1,"white","g3","rnbqkbnrpppppppp8886P1PPPPPP1PRNBQKBNR",597
1,"white","e4","rnbqkbnrpppppppp884P38PPPP1PPPRNBQKBNR",598
1,"white","c4","rnbqkbnrpppppppp882P58PP1PPPPPRNBQKBNR",599
1,"white","e4","rnbqkbnrpppppppp884P38PPPP1PPPRNBQKBNR",600
1,"white","c4","rnbqkbnrpppppppp882P58PP1PPPPPRNBQKBNR",601
1,"white","e4","rnbqkbnrpppppppp884P38PPPP1PPPRNBQKBNR",602
1,"white","c4","rnbqkbnrpppppppp882P58PP1PPPPPRNBQKBNR",603
1,"white","e4","rnbqkbnrpppppppp884P38PPPP1PPPRNBQKBNR",604
1,"white","c4","rnbqkbnrpppppppp882P58PP1PPPPPRNBQKBNR",605
1,"white","e4","rnbqkbnrpppppppp884P38PPPP1PPPRNBQKBNR",606
1,"white","c4","rnbqkbnrpppppppp882P58PP1PPPPPRNBQKBNR",607
1,"white","e4","rnbqkbnrpppppppp884P38PPPP1PPPRNBQKBNR",608
1,"white","c4","rnbqkbnrpppppppp882P58PP1PPPPPRNBQKBNR",609
1,"white","e4","rnbqkbnrpppppppp884P38PPPP1PPPRNBQKBNR",610
1,"white","c4","rnbqkbnrpppppppp882P58PP1PPPPPRNBQKBNR",611
1,"white","c4","rnbqkbnrpppppppp882P58PP1PPPPPRNBQKBNR",612
1,"white","c4","rnbqkbnrpppppppp882P58PP1PPPPPRNBQKBNR",613
1,"white","e4","rnbqkbnrpppppppp884P38PPPP1PPPRNBQKBNR",614
1,"white","c4","rnbqkbnrpppppppp882P58PP1PPPPPRNBQKBNR",615
1,"white","c4","rnbqkbnrpppppppp882P58PP1PPPPPRNBQKBNR",616
1,"white","c4","rnbqkbnrpppppppp882P58PP1PPPPPRNBQKBNR",617
1,"white","e4","rnbqkbnrpppppppp884P38PPPP1PPPRNBQKBNR",618
1,"white","c4","rnbqkbnrpppppppp882P58PP1PPPPPRNBQKBNR",619
1,"white","e4","rnbqkbnrpppppppp884P38PPPP1PPPRNBQKBNR",620
1,"white","c4","rnbqkbnrpppppppp882P58PP1PPPPPRNBQKBNR",621
1,"white","e4","rnbqkbnrpppppppp884P38PPPP1PPPRNBQKBNR",622
1,"white","c4","rnbqkbnrpppppppp882P58PP1PPPPPRNBQKBNR",623
1,"white","e4","rnbqkbnrpppppppp884P38PPPP1PPPRNBQKBNR",624
1,"white","c4","rnbqkbnrpppppppp882P58PP1PPPPPRNBQKBNR",625
1,"white","e4","rnbqkbnrpppppppp884P38PPPP1PPPRNBQKBNR",626
1,"white","c4","rnbqkbnrpppppppp882P58PP1PPPPPRNBQKBNR",627
1,"white","e4","rnbqkbnrpppppppp884P38PPPP1PPPRNBQKBNR",628
1,"white","c4","rnbqkbnrpppppppp882P58PP1PPPPPRNBQKBNR",629
1,"white","c4","rnbqkbnrpppppppp882P58PP1PPPPPRNBQKBNR",630
1,"white","c4","rnbqkbnrpppppppp882P58PP1PPPPPRNBQKBNR",631
1,"white","e4","rnbqkbnrpppppppp884P38PPPP1PPPRNBQKBNR",632
1,"white","c4","rnbqkbnrpppppppp882P58PP1PPPPPRNBQKBNR",633
1,"white","e4","rnbqkbnrpppppppp884P38PPPP1PPPRNBQKBNR",634
1,"white","Nf3","rnbqkbnrpppppppp8885N2PPPPPPPPRNBQKB1R",635
1,"white","e4","rnbqkbnrpppppppp884P38PPPP1PPPRNBQKBNR",636
1,"white","e4","rnbqkbnrpppppppp884P38PPPP1PPPRNBQKBNR",637
1,"white","d4","rnbqkbnrpppppppp883P48PPP1PPPPRNBQKBNR",638
1,"white","e4","rnbqkbnrpppppppp884P38PPPP1PPPRNBQKBNR",639
1,"white","d4","rnbqkbnrpppppppp883P48PPP1PPPPRNBQKBNR",640
1,"white","e4","rnbqkbnrpppppppp884P38PPPP1PPPRNBQKBNR",641
1,"white","d4","rnbqkbnrpppppppp883P48PPP1PPPPRNBQKBNR",642
1,"white","d4","rnbqkbnrpppppppp883P48PPP1PPPPRNBQKBNR",643
1,"white","d4","rnbqkbnrpppppppp883P48PPP1PPPPRNBQKBNR",644
1,"white","d4","rnbqkbnrpppppppp883P48PPP1PPPPRNBQKBNR",645
1,"white","d4","rnbqkbnrpppppppp883P48PPP1PPPPRNBQKBNR",646
1,"white","Nf3","rnbqkbnrpppppppp8885N2PPPPPPPPRNBQKB1R",647
1,"white","d4","rnbqkbnrpppppppp883P48PPP1PPPPRNBQKBNR",648
1,"white","Nf3","rnbqkbnrpppppppp8885N2PPPPPPPPRNBQKB1R",649
1,"white","d4","rnbqkbnrpppppppp883P48PPP1PPPPRNBQKBNR",650
1,"white","Nf3","rnbqkbnrpppppppp8885N2PPPPPPPPRNBQKB1R",651
1,"white","d4","rnbqkbnrpppppppp883P48PPP1PPPPRNBQKBNR",652
1,"white","Nf3","rnbqkbnrpppppppp8885N2PPPPPPPPRNBQKB1R",653
1,"white","d4","rnbqkbnrpppppppp883P48PPP1PPPPRNBQKBNR",654
1,"white","Nf3","rnbqkbnrpppppppp8885N2PPPPPPPPRNBQKB1R",655
1,"white","Nf3","rnbqkbnrpppppppp8885N2PPPPPPPPRNBQKB1R",656
1,"white","Nf3","rnbqkbnrpppppppp8885N2PPPPPPPPRNBQKB1R",657
1,"white","d4","rnbqkbnrpppppppp883P48PPP1PPPPRNBQKBNR",658
1,"white","Nf3","rnbqkbnrpppppppp8885N2PPPPPPPPRNBQKB1R",659
1,"white","Nf3","rnbqkbnrpppppppp8885N2PPPPPPPPRNBQKB1R",660
1,"white","Nf3","rnbqkbnrpppppppp8885N2PPPPPPPPRNBQKB1R",661
1,"white","Nf3","rnbqkbnrpppppppp8885N2PPPPPPPPRNBQKB1R",662
1,"white","Nf3","rnbqkbnrpppppppp8885N2PPPPPPPPRNBQKB1R",663
1,"white","e4","rnbqkbnrpppppppp884P38PPPP1PPPRNBQKBNR",664
1,"white","Nf3","rnbqkbnrpppppppp8885N2PPPPPPPPRNBQKB1R",665
1,"white","e4","rnbqkbnrpppppppp884P38PPPP1PPPRNBQKBNR",666
1,"white","Nf3","rnbqkbnrpppppppp8885N2PPPPPPPPRNBQKB1R",667
1,"white","d4","rnbqkbnrpppppppp883P48PPP1PPPPRNBQKBNR",668
1,"white","Nf3","rnbqkbnrpppppppp8885N2PPPPPPPPRNBQKB1R",669
1,"white","d4","rnbqkbnrpppppppp883P48PPP1PPPPRNBQKBNR",670
1,"white","e4","rnbqkbnrpppppppp884P38PPPP1PPPRNBQKBNR",671
1,"white","d4","rnbqkbnrpppppppp883P48PPP1PPPPRNBQKBNR",672
1,"white","e4","rnbqkbnrpppppppp884P38PPPP1PPPRNBQKBNR",673
1,"white","d4","rnbqkbnrpppppppp883P48PPP1PPPPRNBQKBNR",674
1,"white","Nf3","rnbqkbnrpppppppp8885N2PPPPPPPPRNBQKB1R",675
1,"white","d4","rnbqkbnrpppppppp883P48PPP1PPPPRNBQKBNR",676
1,"white","e4","rnbqkbnrpppppppp884P38PPPP1PPPRNBQKBNR",677
1,"white","d4","rnbqkbnrpppppppp883P48PPP1PPPPRNBQKBNR",678
1,"white","e4","rnbqkbnrpppppppp884P38PPPP1PPPRNBQKBNR",679
1,"white","e4","rnbqkbnrpppppppp884P38PPPP1PPPRNBQKBNR",680
1,"white","e4","rnbqkbnrpppppppp884P38PPPP1PPPRNBQKBNR",681
1,"white","e4","rnbqkbnrpppppppp884P38PPPP1PPPRNBQKBNR",682
1,"white","Nf3","rnbqkbnrpppppppp8885N2PPPPPPPPRNBQKB1R",683
1,"white","e4","rnbqkbnrpppppppp884P38PPPP1PPPRNBQKBNR",684
